diameter(nm), accessible volume(nm3)
0.050000, -0.477288
0.150000, -0.722103
0.250000, -1.028637
0.350000, -1.346486
0.450000, -1.564557
0.550000, -1.789829
0.650000, -1.978069
0.750000, -2.015100
0.850000, -2.016129
0.950000, -1.974983
1.050000, -2.044931
1.150000, -2.073732
1.250000, -2.054188
1.350000, -2.009957
1.450000, -2.003785
1.550000, -1.916351
1.650000, -1.993499
1.750000, -1.914294
1.850000, -1.919437
1.950000, -1.940010
